Source_URL,Assessment_url
https://www.linkedin.com/jobs/view/research-engineer-ai-at-shl-4194768899/?originalSubdomain=in,https://www.shl.com/products/product-catalog/view/data-science-new/
https://www.linkedin.com/jobs/view/research-engineer-ai-at-shl-4194768899/?originalSubdomain=in,https://www.shl.com/products/product-catalog/view/digital-readiness-development-report/
https://www.linkedin.com/jobs/view/research-engineer-ai-at-shl-4194768899/?originalSubdomain=in,https://www.shl.com/products/product-catalog/view/digital-readiness-development-report-manager/
https://www.linkedin.com/jobs/view/research-engineer-ai-at-shl-4194768899/?originalSubdomain=in,https://www.shl.com/products/product-catalog/view/cloud-computing-new/
https://www.linkedin.com/jobs/view/research-engineer-ai-at-shl-4194768899/?originalSubdomain=in,https://www.shl.com/products/product-catalog/view/python-new/
https://www.linkedin.com/jobs/view/research-engineer-ai-at-shl-4194768899/?originalSubdomain=in,https://www.shl.com/products/product-catalog/view/computer-science-new/
https://www.linkedin.com/jobs/view/research-engineer-ai-at-shl-4194768899/?originalSubdomain=in,https://www.shl.com/products/product-catalog/view/c-programming-new-4039/
https://www.linkedin.com/jobs/view/research-engineer-ai-at-shl-4194768899/?originalSubdomain=in,https://www.shl.com/products/product-catalog/view/amazon-web-services-aws-development-new/
https://www.linkedin.com/jobs/view/research-engineer-ai-at-shl-4194768899/?originalSubdomain=in,https://www.shl.com/products/product-catalog/view/c-programming-new/
https://www.linkedin.com/jobs/view/research-engineer-ai-at-shl-4194768899/?originalSubdomain=in,https://www.shl.com/products/product-catalog/view/r-programming-new/
